id,Price
0,1701000.0
1,2065000.0
2,1411000.0
3,2171000.0
4,4716000.0
5,1917000.0
6,1006000.0
7,671000.0
8,1251000.0
9,1262000.0
10,1015000.0
11,588000.0
12,741000.0
13,1322000.0
14,806000.0
15,1213000.0
16,628000.0
17,944000.0
18,971000.0
19,870000.0
20,343000.0
21,1340000.0
22,1513000.0
23,431000.0
24,2727000.0
25,1235000.0
26,1163000.0
27,1236000.0
28,1251000.0
29,2469000.0
30,1299000.0
31,1116000.0
32,2605000.0
33,3246000.0
34,2394000.0
35,844000.0
36,803000.0
37,2199000.0
38,925000.0
39,705000.0
40,2140000.0
41,839000.0
42,513000.0
43,1787000.0
44,1114000.0
45,645000.0
46,1990000.0
47,561000.0
48,872000.0
49,1194000.0
50,4319000.0
51,1272000.0
52,1781000.0
53,2454000.0
54,1210000.0
55,1997000.0
56,612000.0
57,917000.0
58,975000.0
59,2549000.0
60,458000.0
61,491000.0
62,1157000.0
63,579000.0
64,3924000.0
65,425000.0
66,1123000.0
67,5063000.0
68,458000.0
69,4975000.0
70,650000.0
71,717000.0
72,962000.0
73,1460000.0
74,1086000.0
75,2092000.0
76,2716000.0
77,1554000.0
78,2695000.0
79,3193000.0
80,1962000.0
81,2320000.0
82,967000.0
83,1534000.0
84,755000.0
85,572000.0
86,890000.0
87,2114000.0
88,1447000.0
89,779000.0
90,1038000.0
91,1033000.0
92,654000.0
93,1480000.0
94,921000.0
95,1047000.0
96,820000.0
97,1147000.0
98,2706000.0
99,2415000.0
100,1068000.0
101,941000.0
102,4143000.0
103,412000.0
104,773000.0
105,469000.0
106,2127000.0
107,1465000.0
108,2066000.0
109,1375000.0
110,1074000.0
111,2116000.0
112,799000.0
113,3171000.0
114,7885000.0
115,1961000.0
116,944000.0
117,795000.0
118,2708000.0
119,1206000.0
120,5026000.0
121,2783000.0
122,1291000.0
123,1320000.0
124,1365000.0
125,2875000.0
126,581000.0
127,1158000.0
128,2287000.0
129,1337000.0
130,4260000.0
131,696000.0
132,1255000.0
133,1367000.0
134,1481000.0
135,1046000.0
136,2182000.0
137,2497000.0
138,2017000.0
139,891000.0
140,1266000.0
141,981000.0
142,1522000.0
143,745000.0
144,1132000.0
145,193000.0
146,2125000.0
147,1271000.0
148,4141000.0
149,2216000.0
150,6673000.0
151,2868000.0
152,1446000.0
153,269000.0
154,1570000.0
155,670000.0
156,1663000.0
157,1988000.0
158,1772000.0
159,813000.0
160,557000.0
161,2838000.0
162,1335000.0
163,1145000.0
164,623000.0
165,650000.0
166,2229000.0
167,266000.0
168,2699000.0
169,662000.0
170,363000.0
171,1121000.0
172,254000.0
173,1097000.0
174,1195000.0
175,1092000.0
176,2846000.0
177,1221000.0
178,4812000.0
179,1013000.0
180,960000.0
181,657000.0
182,578000.0
183,1402000.0
184,4997000.0
185,5021000.0
186,1652000.0
187,1322000.0
188,4434000.0
189,1969000.0
190,3174000.0
191,1872000.0
192,675000.0
193,301000.0
194,2510000.0
195,2432000.0
196,922000.0
197,1555000.0
198,1219000.0
199,1418000.0
200,914000.0
201,2300000.0
202,1156000.0
203,1043000.0
204,3366000.0
205,2712000.0
206,1059000.0
207,2152000.0
208,937000.0
209,1277000.0
210,494000.0
211,1368000.0
212,1588000.0
213,1044000.0
214,739000.0
215,335000.0
216,1570000.0
217,1909000.0
218,629000.0
219,1236000.0
220,745000.0
221,324000.0
222,553000.0
223,1076000.0
224,401000.0
225,2031000.0
226,1914000.0
227,5020000.0
228,5820000.0
229,1515000.0
230,4512000.0
231,4230000.0
232,341000.0
233,1311000.0
234,667000.0
235,390000.0
236,5158000.0
237,4314000.0
238,995000.0
239,2036000.0
240,1275000.0
241,1556000.0
242,2069000.0
243,1155000.0
244,1111000.0
245,518000.0
246,582000.0
247,1008000.0
248,1766000.0
249,2415000.0
250,2193000.0
251,1313000.0
252,951000.0
253,1357000.0
254,848000.0
255,1297000.0
256,513000.0
257,3288000.0
258,1590000.0
259,1461000.0
260,647000.0
261,1426000.0
262,910000.0
263,1456000.0
264,386000.0
265,1016000.0
266,801000.0
267,2838000.0
268,142000.0
269,624000.0
270,637000.0
271,1679000.0
272,1086000.0
273,1198000.0
274,786000.0
275,589000.0
276,3002000.0
277,1365000.0
278,1045000.0
279,787000.0
280,1010000.0
281,448000.0
282,790000.0
283,791000.0
284,1550000.0
285,706000.0
286,901000.0
287,1024000.0
288,2801000.0
289,2056000.0
290,1065000.0
291,912000.0
292,925000.0
293,1051000.0
294,231000.0
295,708000.0
296,541000.0
297,710000.0
298,860000.0
299,937000.0
300,369000.0
301,1733000.0
302,1056000.0
303,1081000.0
304,1681000.0
305,1936000.0
306,1170000.0
307,426000.0
308,1221000.0
309,909000.0
310,1112000.0
311,1183000.0
312,1166000.0
313,591000.0
314,236000.0
315,894000.0
316,535000.0
317,1746000.0
318,1282000.0
319,5492000.0
320,1597000.0
321,894000.0
322,764000.0
323,2185000.0
324,5158000.0
325,1478000.0
326,430000.0
327,1144000.0
328,1039000.0
329,1020000.0
330,883000.0
331,940000.0
332,1423000.0
333,1071000.0
334,1573000.0
335,905000.0
336,350000.0
337,1043000.0
338,1888000.0
339,744000.0
340,741000.0
341,1120000.0
342,1978000.0
343,1335000.0
344,799000.0
345,1098000.0
346,187000.0
347,1050000.0
348,1182000.0
349,1024000.0
350,2990000.0
351,1224000.0
352,2111000.0
353,1718000.0
354,2231000.0
355,2125000.0
356,2846000.0
357,1766000.0
358,1312000.0
359,450000.0
360,1192000.0
361,1287000.0
362,3704000.0
363,878000.0
364,1038000.0
365,1242000.0
366,1239000.0
367,1830000.0
368,439000.0
369,5797000.0
370,712000.0
371,677000.0
372,244000.0
373,1155000.0
374,1581000.0
375,799000.0
376,1426000.0
377,671000.0
378,1589000.0
379,2020000.0
380,1410000.0
381,1736000.0
382,750000.0
383,702000.0
384,1196000.0
385,933000.0
386,1031000.0
387,1273000.0
388,642000.0
389,2395000.0
390,1195000.0
391,1969000.0
392,1081000.0
393,931000.0
394,1929000.0
395,1233000.0
396,940000.0
397,3844000.0
398,2973000.0
399,951000.0
400,1156000.0
401,559000.0
402,1281000.0
403,559000.0
404,623000.0
405,905000.0
406,1222000.0
407,1396000.0
408,2125000.0
409,911000.0
410,1084000.0
411,1799000.0
412,2603000.0
413,109000.0
414,911000.0
415,2723000.0
416,1572000.0
417,951000.0
418,1199000.0
419,1848000.0
420,1322000.0
421,355000.0
422,997000.0
423,1030000.0
424,2170000.0
425,1207000.0
426,423000.0
427,1024000.0
428,1956000.0
429,4155000.0
430,2945000.0
431,1140000.0
432,1605000.0
433,1884000.0
434,1446000.0
435,574000.0
436,688000.0
437,3016000.0
438,787000.0
439,2719000.0
440,754000.0
441,1022000.0
442,2318000.0
443,680000.0
444,434000.0
445,886000.0
446,1965000.0
447,1612000.0
448,825000.0
449,6483000.0
450,927000.0
451,1348000.0
452,1339000.0
453,2003000.0
454,1112000.0
455,615000.0
456,7225000.0
457,1450000.0
458,1054000.0
459,329000.0
460,813000.0
461,1049000.0
462,1062000.0
463,1059000.0
464,1334000.0
465,1230000.0
466,1571000.0
467,860000.0
468,647000.0
469,295000.0
470,312000.0
471,963000.0
472,977000.0
473,879000.0
474,2089000.0
475,1928000.0
476,605000.0
477,1178000.0
478,1790000.0
479,782000.0
480,1393000.0
481,1185000.0
482,908000.0
483,2371000.0
484,924000.0
485,542000.0
486,926000.0
487,971000.0
488,2230000.0
489,1920000.0
490,2656000.0
491,556000.0
492,705000.0
493,989000.0
494,547000.0
495,686000.0
496,2278000.0
497,3960000.0
498,790000.0
499,979000.0
500,2445000.0
501,163000.0
502,6112000.0
503,4158000.0
504,662000.0
505,943000.0
506,1563000.0
507,951000.0
508,447000.0
509,701000.0
510,1069000.0
511,942000.0
512,1235000.0
513,1613000.0
514,2084000.0
515,1261000.0
516,2276000.0
517,1006000.0
518,2591000.0
519,271000.0
520,505000.0
521,1459000.0
522,254000.0
523,349000.0
524,1005000.0
525,2378000.0
526,380000.0
527,1384000.0
528,1282000.0
529,980000.0
530,576000.0
531,1157000.0
532,776000.0
533,1370000.0
534,1580000.0
535,1611000.0
536,501000.0
537,1088000.0
538,1052000.0
539,832000.0
540,1540000.0
541,1292000.0
542,4230000.0
543,1198000.0
544,854000.0
545,532000.0
546,718000.0
547,4252000.0
548,555000.0
549,490000.0
550,635000.0
551,1427000.0
552,1015000.0
553,675000.0
554,911000.0
555,1874000.0
556,7310000.0
557,1481000.0
558,2074000.0
559,689000.0
560,611000.0
561,1668000.0
562,4512000.0
563,487000.0
564,716000.0
565,872000.0
566,1466000.0
567,3548000.0
568,1094000.0
569,1601000.0
570,932000.0
571,991000.0
572,966000.0
573,1840000.0
574,863000.0
575,530000.0
576,1595000.0
577,527000.0
578,1517000.0
579,1398000.0
580,2091000.0
581,1938000.0
582,3221000.0
583,405000.0
584,1995000.0
585,791000.0
586,921000.0
587,501000.0
588,1028000.0
589,1074000.0
590,918000.0
591,3042000.0
592,1180000.0
593,1346000.0
594,309000.0
595,1118000.0
596,907000.0
597,655000.0
598,876000.0
599,1781000.0
600,687000.0
601,2763000.0
602,675000.0
603,7555000.0
604,248000.0
605,759000.0
606,1291000.0
607,1433000.0
608,506000.0
609,957000.0
610,689000.0
611,1397000.0
612,1011000.0
613,848000.0
614,3492000.0
615,755000.0
616,1293000.0
617,1846000.0
618,805000.0
619,732000.0
620,1844000.0
621,1364000.0
622,779000.0
623,452000.0
624,1520000.0
625,2595000.0
626,2461000.0
627,3027000.0
628,6540000.0
629,2287000.0
630,1850000.0
631,1625000.0
632,663000.0
633,1391000.0
634,2508000.0
635,1965000.0
636,608000.0
637,501000.0
638,3596000.0
639,1181000.0
640,2108000.0
641,1238000.0
642,645000.0
643,2229000.0
644,1232000.0
645,652000.0
646,1781000.0
647,531000.0
648,887000.0
649,1015000.0
650,2526000.0
651,1230000.0
652,503000.0
653,2194000.0
654,522000.0
655,3714000.0
656,1522000.0
657,761000.0
658,1182000.0
659,600000.0
660,723000.0
661,548000.0
662,1178000.0
663,1349000.0
664,3351000.0
665,1136000.0
666,1731000.0
667,1769000.0
668,2846000.0
669,480000.0
670,911000.0
671,2914000.0
672,1516000.0
673,1656000.0
674,2054000.0
675,2394000.0
676,1732000.0
677,1014000.0
678,1769000.0
679,4938000.0
680,4209000.0
681,2754000.0
682,986000.0
683,1060000.0
684,969000.0
685,504000.0
686,1305000.0
687,1017000.0
688,2942000.0
689,1196000.0
690,611000.0
691,1176000.0
692,2245000.0
693,436000.0
694,929000.0
695,5158000.0
696,2322000.0
697,892000.0
698,1056000.0
699,2734000.0
700,1236000.0
701,767000.0
702,238000.0
703,660000.0
704,2152000.0
705,1223000.0
706,865000.0
707,1015000.0
708,1105000.0
709,2722000.0
710,945000.0
711,1146000.0
712,1359000.0
713,525000.0
714,464000.0
715,331000.0
716,799000.0
717,761000.0
718,2038000.0
719,1624000.0
720,1364000.0
721,974000.0
722,1519000.0
723,2762000.0
724,439000.0
725,1869000.0
726,1105000.0
727,781000.0
728,1159000.0
729,1025000.0
730,422000.0
731,1250000.0
732,1659000.0
733,499000.0
734,986000.0
735,2459000.0
736,1364000.0
737,1126000.0
738,1208000.0
739,1122000.0
740,1892000.0
741,3780000.0
742,718000.0
743,1377000.0
744,602000.0
745,1509000.0
746,994000.0
747,2055000.0
748,942000.0
749,654000.0
750,1395000.0
751,93000.0
752,600000.0
753,3621000.0
754,3002000.0
755,1937000.0
756,1055000.0
757,997000.0
758,2202000.0
759,1555000.0
760,2856000.0
761,805000.0
762,565000.0
763,552000.0
764,602000.0
765,1994000.0
766,2465000.0
767,1249000.0
768,1078000.0
769,843000.0
770,246000.0
771,655000.0
772,485000.0
773,955000.0
774,945000.0
775,1478000.0
776,3806000.0
777,2032000.0
778,4070000.0
779,1954000.0
780,1211000.0
781,725000.0
782,2581000.0
783,3095000.0
784,1571000.0
785,4371000.0
786,1112000.0
787,889000.0
788,559000.0
789,2603000.0
790,1516000.0
791,1103000.0
792,3070000.0
793,1459000.0
794,1562000.0
795,1715000.0
796,1094000.0
797,935000.0
798,3359000.0
799,779000.0
800,2227000.0
801,1188000.0
802,942000.0
803,426000.0
804,1958000.0
805,884000.0
806,175000.0
807,964000.0
808,1029000.0
809,767000.0
810,1144000.0
811,1172000.0
812,1290000.0
813,1790000.0
814,1038000.0
815,1300000.0
816,1262000.0
817,7089000.0
818,901000.0
819,1041000.0
820,855000.0
821,1084000.0
822,964000.0
823,1635000.0
824,818000.0
825,808000.0
826,1010000.0
827,3548000.0
828,1284000.0
829,1783000.0
830,2195000.0
831,345000.0
832,631000.0
833,2278000.0
834,1973000.0
835,1054000.0
836,542000.0
837,958000.0
838,326000.0
839,1308000.0
840,134000.0
841,2198000.0
842,1554000.0
843,3133000.0
844,1172000.0
845,1798000.0
846,517000.0
847,615000.0
848,1058000.0
849,1192000.0
850,3715000.0
851,999000.0
852,1544000.0
853,1539000.0
854,999000.0
855,356000.0
856,245000.0
857,929000.0
858,4619000.0
859,1478000.0
860,1587000.0
861,573000.0
862,1065000.0
863,1529000.0
864,1350000.0
865,1157000.0
866,2237000.0
867,798000.0
868,528000.0
869,889000.0
870,257000.0
871,1001000.0
872,2226000.0
873,1115000.0
874,1279000.0
875,977000.0
876,2328000.0
877,558000.0
878,619000.0
879,2379000.0
880,982000.0
881,863000.0
882,278000.0
883,1426000.0
884,954000.0
885,700000.0
886,466000.0
887,1046000.0
888,3969000.0
889,754000.0
890,1504000.0
891,946000.0
892,960000.0
893,146000.0
894,857000.0
895,420000.0
896,1321000.0
897,221000.0
898,860000.0
899,5067000.0
900,853000.0
901,494000.0
902,633000.0
903,2009000.0
904,1915000.0
905,1913000.0
906,895000.0
907,1219000.0
908,3698000.0
909,809000.0
910,3382000.0
911,687000.0
912,1373000.0
913,5107000.0
914,1892000.0
915,859000.0
916,904000.0
917,1122000.0
918,396000.0
919,1899000.0
920,1144000.0
921,522000.0
922,905000.0
923,2051000.0
924,2766000.0
925,561000.0
926,2527000.0
927,4476000.0
928,2157000.0
929,1136000.0
930,1627000.0
931,2959000.0
932,473000.0
933,2044000.0
934,2243000.0
935,4288000.0
936,3105000.0
937,600000.0
938,603000.0
939,972000.0
940,2485000.0
941,1245000.0
942,867000.0
943,313000.0
944,1133000.0
945,849000.0
946,1768000.0
947,621000.0
948,1672000.0
949,1202000.0
950,293000.0
951,1730000.0
952,1228000.0
953,1116000.0
954,828000.0
955,2665000.0
956,606000.0
957,851000.0
958,1230000.0
959,1749000.0
960,1215000.0
961,838000.0
962,1373000.0
963,899000.0
964,1044000.0
965,963000.0
966,2991000.0
967,3244000.0
968,1110000.0
969,1975000.0
970,993000.0
971,950000.0
972,724000.0
973,1757000.0
974,603000.0
975,276000.0
976,940000.0
977,1408000.0
978,1645000.0
979,827000.0
980,632000.0
981,879000.0
982,1747000.0
983,3703000.0
984,1193000.0
985,1050000.0
986,1108000.0
987,1983000.0
988,2075000.0
989,1513000.0
990,585000.0
991,794000.0
992,1547000.0
993,2014000.0
994,769000.0
995,993000.0
996,1386000.0
997,390000.0
998,1684000.0
999,1363000.0
1000,654000.0
1001,1028000.0
1002,1172000.0
1003,4066000.0
1004,550000.0
1005,837000.0
1006,4292000.0
1007,1280000.0
1008,906000.0
1009,815000.0
1010,3249000.0
1011,1064000.0
1012,1121000.0
1013,1397000.0
1014,1809000.0
1015,992000.0
1016,2366000.0
1017,1090000.0
1018,742000.0
1019,209000.0
1020,532000.0
1021,1215000.0
1022,1250000.0
1023,797000.0
1024,1211000.0
1025,1717000.0
1026,540000.0
1027,1096000.0
1028,1909000.0
1029,1166000.0
1030,1757000.0
1031,1578000.0
1032,379000.0
1033,1099000.0
1034,466000.0
1035,1551000.0
1036,345000.0
1037,1183000.0
1038,325000.0
1039,865000.0
1040,3311000.0
1041,1583000.0
1042,877000.0
1043,1177000.0
1044,884000.0
1045,733000.0
1046,1226000.0
1047,1598000.0
1048,383000.0
1049,1071000.0
1050,1424000.0
1051,982000.0
1052,1290000.0
1053,1027000.0
1054,853000.0
1055,2258000.0
1056,1385000.0
1057,1267000.0
1058,1857000.0
1059,1339000.0
1060,630000.0
1061,875000.0
1062,1526000.0
1063,873000.0
1064,2016000.0
1065,528000.0
1066,446000.0
1067,1172000.0
1068,5005000.0
1069,1108000.0
1070,2225000.0
1071,1461000.0
1072,1753000.0
1073,1345000.0
1074,1503000.0
1075,2857000.0
1076,872000.0
1077,915000.0
1078,1136000.0
1079,1315000.0
1080,1250000.0
1081,1531000.0
1082,478000.0
1083,786000.0
1084,911000.0
1085,366000.0
1086,579000.0
1087,3228000.0
1088,2263000.0
1089,474000.0
1090,787000.0
1091,3340000.0
1092,1527000.0
1093,947000.0
1094,1049000.0
1095,2434000.0
1096,722000.0
1097,1868000.0
1098,2255000.0
1099,1196000.0
1100,1119000.0
1101,550000.0
1102,1283000.0
1103,917000.0
1104,1080000.0
1105,1306000.0
1106,2712000.0
1107,1084000.0
1108,1009000.0
1109,1443000.0
1110,1194000.0
1111,1696000.0
1112,915000.0
1113,1646000.0
1114,1866000.0
1115,2899000.0
1116,953000.0
1117,2380000.0
1118,840000.0
1119,871000.0
1120,514000.0
1121,2211000.0
1122,2050000.0
1123,1482000.0
1124,854000.0
1125,541000.0
1126,539000.0
1127,1130000.0
1128,1216000.0
1129,619000.0
1130,1106000.0
1131,1133000.0
1132,766000.0
1133,1563000.0
1134,1254000.0
1135,1065000.0
1136,1093000.0
1137,586000.0
1138,2718000.0
1139,758000.0
1140,1883000.0
1141,787000.0
1142,5438000.0
1143,831000.0
1144,2003000.0
1145,2509000.0
1146,2428000.0
1147,1121000.0
1148,363000.0
1149,174000.0
1150,1293000.0
1151,1103000.0
1152,1791000.0
1153,708000.0
1154,711000.0
1155,510000.0
1156,679000.0
1157,861000.0
1158,2052000.0
1159,2658000.0
1160,1683000.0
1161,4763000.0
1162,845000.0
1163,116000.0
1164,4497000.0
1165,527000.0
1166,472000.0
1167,1965000.0
1168,1465000.0
1169,1582000.0
1170,779000.0
1171,1251000.0
1172,1602000.0
1173,1162000.0
1174,999000.0
1175,626000.0
1176,832000.0
1177,1787000.0
1178,983000.0
1179,1396000.0
1180,2173000.0
1181,1048000.0
1182,4230000.0
1183,4219000.0
1184,1304000.0
1185,1826000.0
1186,1165000.0
1187,2281000.0
1188,729000.0
1189,884000.0
1190,781000.0
1191,425000.0
1192,5748000.0
1193,1758000.0
1194,448000.0
1195,687000.0
1196,529000.0
1197,2992000.0
1198,564000.0
1199,1283000.0
1200,1284000.0
1201,896000.0
1202,7674000.0
1203,912000.0
1204,328000.0
1205,2241000.0
1206,3064000.0
1207,2715000.0
1208,2316000.0
1209,1121000.0
1210,4477000.0
1211,940000.0
1212,915000.0
1213,1820000.0
1214,463000.0
1215,616000.0
1216,1578000.0
1217,2036000.0
1218,1111000.0
1219,861000.0
1220,2056000.0
1221,1433000.0
1222,1218000.0
1223,1027000.0
1224,668000.0
1225,2205000.0
1226,890000.0
1227,381000.0
1228,124000.0
1229,710000.0
1230,5880000.0
1231,1569000.0
1232,712000.0
1233,1435000.0
1234,1651000.0
1235,853000.0
1236,1874000.0
1237,1178000.0
1238,230000.0
1239,1112000.0
1240,1103000.0
1241,2574000.0
1242,665000.0
1243,2125000.0
1244,315000.0
1245,526000.0
1246,2044000.0
1247,1117000.0
1248,1344000.0
1249,2318000.0
1250,1118000.0
1251,1030000.0
1252,1504000.0
1253,725000.0
1254,1397000.0
1255,1450000.0
1256,1191000.0
1257,2077000.0
1258,1254000.0
1259,1458000.0
1260,840000.0
1261,675000.0
1262,1959000.0
1263,984000.0
1264,683000.0
1265,1523000.0
1266,1036000.0
1267,1417000.0
1268,472000.0
1269,2183000.0
1270,2424000.0
1271,910000.0
1272,1035000.0
1273,1755000.0
1274,2549000.0
1275,1372000.0
1276,717000.0
1277,637000.0
1278,7674000.0
1279,2461000.0
1280,1145000.0
1281,1082000.0
1282,711000.0
1283,1095000.0
1284,2383000.0
1285,2884000.0
1286,492000.0
1287,2228000.0
1288,894000.0
1289,683000.0
1290,1154000.0
1291,1400000.0
1292,125000.0
1293,428000.0
1294,148000.0
1295,1398000.0
1296,1959000.0
1297,5158000.0
1298,1208000.0
1299,855000.0
1300,2712000.0
1301,1486000.0
1302,885000.0
1303,7484000.0
1304,1140000.0
1305,1669000.0
1306,440000.0
1307,700000.0
1308,3639000.0
1309,731000.0
1310,335000.0
1311,1994000.0
1312,1632000.0
1313,544000.0
1314,660000.0
1315,555000.0
1316,692000.0
1317,555000.0
1318,3244000.0
1319,678000.0
1320,1918000.0
1321,1193000.0
1322,730000.0
1323,1512000.0
1324,1812000.0
1325,1175000.0
1326,1005000.0
1327,1750000.0
1328,2024000.0
1329,814000.0
1330,663000.0
1331,926000.0
1332,2622000.0
1333,957000.0
1334,1225000.0
1335,1234000.0
1336,1016000.0
1337,1429000.0
1338,138000.0
1339,6334000.0
1340,4592000.0
1341,1597000.0
1342,1531000.0
1343,748000.0
1344,411000.0
1345,2459000.0
1346,804000.0
1347,791000.0
1348,2938000.0
1349,828000.0
1350,886000.0
1351,541000.0
1352,1334000.0
1353,2021000.0
1354,732000.0
1355,5002000.0
1356,1065000.0
1357,5099000.0
1358,1926000.0
1359,722000.0
1360,794000.0
1361,514000.0
1362,1956000.0
1363,1132000.0
1364,603000.0
1365,416000.0
1366,5849000.0
1367,691000.0
1368,1929000.0
1369,659000.0
1370,986000.0
1371,602000.0
1372,1194000.0
1373,763000.0
1374,940000.0
1375,1721000.0
1376,1425000.0
1377,1029000.0
1378,2229000.0
1379,975000.0
1380,621000.0
1381,237000.0
1382,779000.0
1383,1036000.0
1384,1628000.0
1385,1384000.0
1386,4572000.0
1387,2674000.0
1388,671000.0
1389,653000.0
1390,1134000.0
1391,967000.0
1392,938000.0
1393,1468000.0
1394,2639000.0
1395,920000.0
1396,1364000.0
1397,337000.0
1398,1082000.0
1399,895000.0
1400,2881000.0
1401,2381000.0
1402,277000.0
1403,1195000.0
1404,637000.0
1405,1733000.0
1406,1760000.0
1407,992000.0
1408,2821000.0
1409,1329000.0
1410,3237000.0
1411,1630000.0
1412,951000.0
1413,4476000.0
1414,1621000.0
1415,1244000.0
1416,1328000.0
1417,2209000.0
1418,670000.0
1419,756000.0
1420,1261000.0
1421,1902000.0
1422,886000.0
1423,2570000.0
1424,687000.0
1425,2275000.0
1426,1337000.0
1427,2712000.0
1428,921000.0
1429,959000.0
1430,1003000.0
1431,1455000.0
1432,1023000.0
1433,588000.0
1434,725000.0
1435,1099000.0
1436,1204000.0
1437,1011000.0
1438,889000.0
1439,1290000.0
1440,386000.0
1441,1557000.0
1442,708000.0
1443,3369000.0
1444,1050000.0
1445,1034000.0
1446,1158000.0
1447,958000.0
1448,6515000.0
1449,417000.0
1450,123000.0
1451,264000.0
1452,1041000.0
1453,809000.0
1454,748000.0
1455,760000.0
1456,3560000.0
1457,783000.0
1458,830000.0
1459,609000.0
1460,940000.0
1461,1419000.0
1462,1210000.0
1463,898000.0
1464,339000.0
1465,347000.0
1466,1059000.0
1467,1508000.0
1468,1431000.0
1469,1441000.0
1470,1011000.0
1471,1756000.0
1472,1477000.0
1473,1214000.0
1474,2189000.0
1475,945000.0
1476,6112000.0
1477,273000.0
1478,4434000.0
1479,1509000.0
1480,1056000.0
1481,190000.0
1482,1392000.0
1483,1081000.0
1484,1903000.0
1485,628000.0
1486,897000.0
1487,2945000.0
1488,1052000.0
1489,1364000.0
1490,331000.0
1491,847000.0
1492,965000.0
1493,2114000.0
1494,777000.0
1495,961000.0
1496,1487000.0
1497,2069000.0
1498,864000.0
1499,1486000.0
1500,1103000.0
1501,678000.0
1502,2083000.0
1503,726000.0
1504,580000.0
1505,534000.0
1506,1222000.0
1507,2281000.0
1508,749000.0
1509,1188000.0
1510,977000.0
1511,1061000.0
1512,990000.0
1513,2018000.0
1514,705000.0
1515,684000.0
1516,1008000.0
1517,1104000.0
1518,702000.0
1519,1142000.0
1520,784000.0
1521,1262000.0
1522,1604000.0
1523,799000.0
1524,4091000.0
1525,251000.0
1526,2734000.0
1527,658000.0
1528,2637000.0
1529,1390000.0
1530,1549000.0
1531,1555000.0
1532,203000.0
1533,338000.0
1534,1121000.0
1535,1016000.0
1536,1267000.0
1537,1743000.0
1538,1216000.0
1539,1611000.0
1540,2288000.0
1541,871000.0
1542,1161000.0
1543,691000.0
1544,1020000.0
1545,2114000.0
1546,3631000.0
1547,1273000.0
1548,1768000.0
1549,1503000.0
1550,2142000.0
1551,1166000.0
1552,408000.0
1553,695000.0
1554,1570000.0
1555,937000.0
1556,1094000.0
1557,860000.0
1558,1155000.0
1559,1514000.0
1560,1283000.0
1561,1117000.0
1562,830000.0
1563,1474000.0
1564,754000.0
1565,909000.0
1566,1704000.0
1567,651000.0
1568,874000.0
1569,1210000.0
1570,960000.0
1571,1364000.0
1572,2381000.0
1573,1683000.0
1574,2071000.0
1575,7128000.0
1576,1189000.0
1577,657000.0
1578,1106000.0
1579,604000.0
1580,1784000.0
1581,1947000.0
1582,1170000.0
1583,2593000.0
1584,8147000.0
1585,717000.0
1586,1070000.0
1587,2595000.0
1588,1368000.0
1589,4802000.0
1590,731000.0
1591,2688000.0
1592,1357000.0
1593,2113000.0
1594,781000.0
1595,2723000.0
1596,529000.0
1597,1611000.0
1598,671000.0
1599,186000.0
1600,672000.0
1601,1034000.0
1602,821000.0
1603,989000.0
1604,2485000.0
1605,1742000.0
1606,2707000.0
1607,1603000.0
1608,1638000.0
1609,2993000.0
1610,857000.0
1611,1195000.0
1612,1296000.0
1613,2093000.0
1614,1104000.0
1615,1898000.0
1616,6720000.0
1617,785000.0
1618,3045000.0
1619,692000.0
1620,1588000.0
1621,1100000.0
1622,1965000.0
1623,1340000.0
1624,1780000.0
1625,2390000.0
1626,905000.0
1627,561000.0
1628,1597000.0
1629,1415000.0
1630,1198000.0
1631,1010000.0
1632,752000.0
1633,467000.0
1634,1482000.0
1635,1777000.0
1636,1381000.0
1637,893000.0
1638,540000.0
1639,1679000.0
1640,254000.0
1641,711000.0
1642,1317000.0
1643,2720000.0
1644,1782000.0
1645,1872000.0
1646,2076000.0
1647,2219000.0
1648,898000.0
1649,912000.0
1650,1275000.0
1651,1703000.0
1652,1759000.0
1653,1313000.0
1654,2997000.0
1655,216000.0
1656,1816000.0
1657,1675000.0
1658,2387000.0
1659,1891000.0
1660,1063000.0
1661,848000.0
1662,877000.0
1663,972000.0
1664,1405000.0
1665,1401000.0
1666,1688000.0
1667,570000.0
1668,932000.0
1669,1416000.0
1670,1183000.0
1671,2825000.0
1672,2506000.0
1673,1390000.0
1674,2222000.0
1675,1342000.0
1676,2492000.0
1677,1078000.0
1678,5158000.0
1679,246000.0
1680,4319000.0
1681,1483000.0
1682,1730000.0
1683,606000.0
1684,4765000.0
1685,1736000.0
1686,635000.0
1687,514000.0
1688,1183000.0
1689,494000.0
1690,479000.0
1691,1415000.0
1692,1375000.0
1693,844000.0
1694,274000.0
1695,990000.0
1696,5158000.0
1697,2434000.0
1698,478000.0
1699,731000.0
1700,1018000.0
1701,792000.0
1702,2739000.0
1703,1726000.0
1704,707000.0
1705,2224000.0
1706,1841000.0
1707,1476000.0
1708,2794000.0
1709,2043000.0
1710,1027000.0
1711,1107000.0
1712,1379000.0
1713,1669000.0
1714,1042000.0
1715,2217000.0
1716,865000.0
1717,818000.0
1718,598000.0
1719,1593000.0
1720,1171000.0
1721,748000.0
1722,2072000.0
1723,1153000.0
1724,488000.0
1725,575000.0
1726,2471000.0
1727,2322000.0
1728,1399000.0
1729,617000.0
1730,930000.0
1731,967000.0
1732,964000.0
1733,1928000.0
1734,1444000.0
1735,2063000.0
1736,5158000.0
1737,882000.0
1738,1560000.0
1739,347000.0
1740,603000.0
1741,7141000.0
1742,652000.0
1743,2454000.0
1744,506000.0
1745,1984000.0
1746,1243000.0
1747,751000.0
1748,533000.0
1749,611000.0
1750,1193000.0
1751,1269000.0
1752,1165000.0
1753,2406000.0
1754,563000.0
1755,3973000.0
1756,1176000.0
1757,943000.0
1758,2137000.0
1759,980000.0
1760,3630000.0
1761,1546000.0
1762,3108000.0
1763,1357000.0
1764,3288000.0
1765,1069000.0
1766,782000.0
1767,1420000.0
1768,1412000.0
1769,1434000.0
1770,859000.0
1771,961000.0
1772,1255000.0
1773,1714000.0
1774,1376000.0
1775,1335000.0
1776,1094000.0
1777,725000.0
1778,417000.0
1779,669000.0
1780,1384000.0
1781,1241000.0
1782,865000.0
1783,858000.0
1784,1094000.0
1785,730000.0
1786,1974000.0
1787,873000.0
1788,1503000.0
1789,1709000.0
1790,2431000.0
1791,2222000.0
1792,1093000.0
1793,2245000.0
1794,1435000.0
1795,907000.0
1796,478000.0
1797,4765000.0
1798,598000.0
1799,3762000.0
1800,828000.0
1801,1994000.0
1802,638000.0
1803,571000.0
1804,1035000.0
1805,6915000.0
1806,516000.0
1807,334000.0
1808,1813000.0
1809,1793000.0
1810,1478000.0
1811,3052000.0
1812,713000.0
1813,637000.0
1814,862000.0
1815,1566000.0
1816,2573000.0
1817,4703000.0
1818,1346000.0
1819,1536000.0
1820,1765000.0
1821,877000.0
1822,1720000.0
1823,1003000.0
1824,877000.0
1825,3348000.0
1826,1096000.0
1827,4085000.0
1828,1968000.0
1829,771000.0
1830,690000.0
1831,6614000.0
1832,1419000.0
1833,6549000.0
1834,2828000.0
1835,2845000.0
1836,538000.0
1837,2135000.0
1838,1604000.0
1839,741000.0
1840,244000.0
1841,1046000.0
1842,2402000.0
1843,1117000.0
1844,1470000.0
1845,876000.0
1846,1018000.0
1847,912000.0
1848,738000.0
1849,1064000.0
1850,2173000.0
1851,3539000.0
1852,870000.0
1853,1672000.0
1854,3035000.0
1855,1485000.0
1856,252000.0
1857,4607000.0
1858,779000.0
1859,1699000.0
1860,4234000.0
1861,179000.0
1862,762000.0
1863,1384000.0
1864,639000.0
1865,802000.0
1866,1199000.0
1867,2585000.0
1868,1345000.0
1869,751000.0
1870,793000.0
1871,1323000.0
1872,448000.0
1873,747000.0
1874,3640000.0
1875,1748000.0
1876,4972000.0
1877,969000.0
1878,685000.0
1879,1254000.0
1880,700000.0
1881,720000.0
1882,784000.0
1883,539000.0
1884,1066000.0
1885,1913000.0
1886,687000.0
1887,1166000.0
1888,2329000.0
1889,829000.0
1890,1959000.0
1891,2792000.0
1892,654000.0
1893,248000.0
1894,607000.0
1895,1349000.0
1896,4345000.0
1897,504000.0
1898,477000.0
1899,832000.0
1900,148000.0
1901,1024000.0
1902,2129000.0
1903,384000.0
1904,611000.0
1905,1684000.0
1906,453000.0
1907,592000.0
1908,1152000.0
1909,954000.0
1910,874000.0
1911,2261000.0
1912,394000.0
1913,1070000.0
1914,1660000.0
1915,5518000.0
1916,1385000.0
1917,261000.0
1918,2148000.0
1919,5158000.0
1920,910000.0
1921,4512000.0
1922,603000.0
1923,1223000.0
1924,1844000.0
1925,1520000.0
1926,998000.0
1927,4226000.0
1928,1608000.0
1929,4512000.0
1930,900000.0
1931,647000.0
1932,1039000.0
1933,1681000.0
1934,674000.0
1935,720000.0
1936,2082000.0
1937,2666000.0
1938,140000.0
1939,952000.0
1940,2288000.0
1941,1606000.0
1942,4950000.0
1943,1117000.0
1944,1826000.0
1945,3076000.0
1946,1036000.0
1947,959000.0
1948,875000.0
1949,814000.0
1950,1101000.0
1951,1745000.0
1952,1181000.0
1953,755000.0
1954,1681000.0
1955,530000.0
1956,1840000.0
1957,648000.0
1958,989000.0
1959,2176000.0
1960,1172000.0
1961,261000.0
1962,259000.0
1963,2114000.0
1964,468000.0
1965,2747000.0
1966,907000.0
1967,2385000.0
1968,1590000.0
1969,2608000.0
1970,506000.0
1971,560000.0
1972,1589000.0
1973,4913000.0
1974,845000.0
1975,3058000.0
1976,1050000.0
1977,2337000.0
1978,2359000.0
1979,673000.0
1980,992000.0
1981,908000.0
1982,1068000.0
1983,5843000.0
1984,187000.0
1985,359000.0
1986,1159000.0
1987,1141000.0
1988,1568000.0
1989,474000.0
1990,5158000.0
1991,2220000.0
1992,298000.0
1993,1544000.0
1994,786000.0
1995,3302000.0
1996,872000.0
1997,943000.0
1998,351000.0
1999,1011000.0
2000,716000.0
2001,677000.0
2002,1979000.0
2003,2091000.0
2004,624000.0
2005,2955000.0
2006,1947000.0
2007,539000.0
2008,1001000.0
2009,2754000.0
2010,1093000.0
2011,1476000.0
2012,2404000.0
2013,153000.0
2014,1178000.0
2015,1333000.0
2016,4089000.0
2017,688000.0
2018,1331000.0
2019,1856000.0
2020,1042000.0
2021,2399000.0
2022,871000.0
2023,1099000.0
2024,1022000.0
2025,1447000.0
2026,998000.0
2027,703000.0
2028,776000.0
2029,960000.0
2030,676000.0
2031,972000.0
2032,1730000.0
2033,1372000.0
2034,2609000.0
2035,3538000.0
2036,482000.0
2037,1024000.0
2038,418000.0
2039,2221000.0
2040,474000.0
2041,998000.0
2042,1926000.0
2043,3507000.0
2044,1614000.0
2045,595000.0
2046,762000.0
2047,630000.0
2048,943000.0
2049,841000.0
2050,918000.0
2051,954000.0
2052,1403000.0
2053,2194000.0
2054,1790000.0
2055,691000.0
2056,1365000.0
2057,708000.0
2058,1552000.0
2059,622000.0
2060,5602000.0
2061,1036000.0
2062,2802000.0
2063,428000.0
2064,2109000.0
2065,1082000.0
2066,1179000.0
2067,2104000.0
2068,986000.0
2069,988000.0
2070,2405000.0
2071,2865000.0
2072,947000.0
2073,1559000.0
2074,3987000.0
2075,4001000.0
2076,1828000.0
2077,669000.0
2078,221000.0
2079,1032000.0
2080,1201000.0
2081,900000.0
2082,979000.0
2083,3311000.0
2084,972000.0
2085,4512000.0
2086,2946000.0
2087,2802000.0
2088,1286000.0
2089,1878000.0
2090,489000.0
2091,848000.0
2092,2676000.0
2093,1989000.0
2094,656000.0
2095,2612000.0
2096,830000.0
2097,689000.0
2098,985000.0
2099,4152000.0
2100,1783000.0
2101,529000.0
2102,1077000.0
2103,2119000.0
2104,3079000.0
2105,2200000.0
2106,1049000.0
2107,1451000.0
2108,2464000.0
2109,728000.0
2110,1308000.0
2111,1627000.0
2112,991000.0
2113,1072000.0
2114,605000.0
2115,461000.0
2116,505000.0
2117,681000.0
2118,500000.0
2119,1359000.0
2120,1250000.0
2121,1473000.0
2122,1245000.0
2123,982000.0
2124,2060000.0
2125,2794000.0
2126,1935000.0
2127,1021000.0
2128,2160000.0
2129,849000.0
2130,453000.0
2131,913000.0
2132,1090000.0
2133,1998000.0
2134,1521000.0
2135,425000.0
2136,5045000.0
2137,980000.0
2138,1500000.0
2139,873000.0
2140,962000.0
2141,497000.0
2142,1174000.0
2143,1860000.0
2144,791000.0
2145,1268000.0
2146,1093000.0
2147,3867000.0
2148,911000.0
2149,2584000.0
2150,995000.0
2151,2275000.0
2152,768000.0
2153,2093000.0
2154,766000.0
2155,3067000.0
2156,1410000.0
2157,1370000.0
2158,875000.0
2159,2915000.0
2160,2119000.0
2161,2268000.0
2162,1183000.0
2163,3200000.0
2164,1353000.0
2165,3197000.0
2166,552000.0
2167,2503000.0
2168,1484000.0
2169,632000.0
2170,764000.0
2171,412000.0
2172,934000.0
2173,2682000.0
2174,631000.0
2175,1203000.0
2176,607000.0
2177,872000.0
2178,1890000.0
2179,1509000.0
2180,512000.0
2181,882000.0
2182,3629000.0
2183,1308000.0
2184,3244000.0
2185,907000.0
2186,1986000.0
2187,1504000.0
2188,1624000.0
2189,4026000.0
2190,2615000.0
2191,699000.0
2192,2305000.0
2193,2003000.0
2194,1010000.0
2195,1950000.0
2196,1777000.0
2197,1981000.0
2198,910000.0
2199,475000.0
2200,1543000.0
2201,2996000.0
2202,1057000.0
2203,593000.0
2204,2695000.0
2205,835000.0
2206,3143000.0
2207,1565000.0
2208,2300000.0
2209,2066000.0
2210,633000.0
2211,1839000.0
2212,735000.0
2213,858000.0
2214,998000.0
2215,686000.0
2216,1240000.0
2217,309000.0
2218,2161000.0
2219,1891000.0
2220,793000.0
2221,2750000.0
2222,2402000.0
2223,924000.0
2224,753000.0
2225,1482000.0
2226,763000.0
2227,1134000.0
2228,1266000.0
2229,909000.0
2230,2330000.0
2231,813000.0
2232,330000.0
2233,922000.0
2234,770000.0
2235,676000.0
2236,1070000.0
2237,691000.0
2238,2202000.0
2239,548000.0
2240,1537000.0
2241,1519000.0
2242,1209000.0
2243,1480000.0
2244,587000.0
2245,1252000.0
2246,2201000.0
2247,2297000.0
2248,586000.0
2249,428000.0
2250,1087000.0
2251,7766000.0
2252,456000.0
2253,1062000.0
2254,904000.0
2255,417000.0
2256,1769000.0
2257,1193000.0
2258,2271000.0
2259,3961000.0
2260,1973000.0
2261,1217000.0
2262,911000.0
2263,1724000.0
2264,1085000.0
2265,457000.0
2266,728000.0
2267,2082000.0
2268,1522000.0
2269,2193000.0
2270,2075000.0
2271,748000.0
2272,1040000.0
2273,895000.0
2274,5272000.0
2275,1512000.0
2276,2993000.0
2277,1925000.0
2278,2955000.0
2279,609000.0
2280,863000.0
2281,1370000.0
2282,855000.0
2283,1265000.0
2284,1951000.0
2285,849000.0
2286,909000.0
2287,230000.0
2288,1326000.0
2289,2567000.0
2290,1869000.0
2291,2846000.0
2292,1830000.0
2293,753000.0
2294,617000.0
2295,549000.0
2296,2828000.0
2297,1069000.0
2298,1137000.0
2299,116000.0
2300,784000.0
2301,618000.0
2302,2199000.0
2303,1092000.0
2304,7247000.0
2305,1681000.0
2306,529000.0
2307,1196000.0
2308,2788000.0
2309,1320000.0
2310,880000.0
2311,989000.0
2312,885000.0
2313,1029000.0
2314,4476000.0
2315,883000.0
2316,462000.0
2317,867000.0
2318,715000.0
2319,1767000.0
2320,7693000.0
2321,234000.0
2322,1145000.0
2323,1076000.0
2324,1666000.0
2325,1465000.0
2326,5743000.0
2327,1614000.0
2328,1034000.0
2329,641000.0
2330,612000.0
2331,1099000.0
2332,1752000.0
2333,852000.0
2334,4428000.0
2335,1250000.0
2336,921000.0
2337,1788000.0
2338,823000.0
2339,1490000.0
2340,1323000.0
2341,1621000.0
2342,876000.0
2343,2702000.0
2344,2270000.0
2345,725000.0
2346,573000.0
2347,1009000.0
2348,416000.0
2349,1245000.0
2350,586000.0
2351,813000.0
2352,1488000.0
2353,2152000.0
2354,478000.0
2355,1522000.0
2356,1195000.0
2357,1691000.0
2358,1391000.0
2359,1060000.0
2360,1483000.0
2361,1416000.0
2362,1332000.0
2363,991000.0
2364,1017000.0
2365,1077000.0
2366,1478000.0
2367,770000.0
2368,2331000.0
2369,5855000.0
2370,191000.0
2371,2084000.0
2372,856000.0
2373,1605000.0
2374,1701000.0
2375,826000.0
2376,2557000.0
2377,549000.0
2378,1604000.0
2379,2693000.0
2380,1238000.0
2381,1999000.0
2382,696000.0
2383,901000.0
2384,507000.0
2385,347000.0
2386,852000.0
2387,2694000.0
2388,725000.0
2389,1891000.0
2390,2246000.0
2391,719000.0
2392,767000.0
2393,660000.0
2394,1009000.0
2395,722000.0
2396,2075000.0
2397,916000.0
2398,1164000.0
2399,2506000.0
2400,514000.0
2401,460000.0
2402,1076000.0
2403,1031000.0
2404,944000.0
2405,1396000.0
2406,1271000.0
2407,2151000.0
2408,1092000.0
2409,508000.0
2410,1324000.0
2411,1035000.0
2412,977000.0
2413,2087000.0
2414,954000.0
2415,2424000.0
2416,812000.0
2417,4780000.0
2418,3847000.0
2419,650000.0
2420,613000.0
2421,1005000.0
2422,2204000.0
2423,554000.0
2424,758000.0
2425,1198000.0
2426,895000.0
2427,778000.0
2428,695000.0
2429,629000.0
2430,725000.0
2431,794000.0
2432,941000.0
2433,513000.0
2434,2463000.0
2435,639000.0
2436,2364000.0
2437,1527000.0
2438,1446000.0
2439,966000.0
2440,1532000.0
2441,1003000.0
2442,323000.0
2443,1035000.0
2444,426000.0
2445,863000.0
2446,2522000.0
2447,2797000.0
2448,679000.0
2449,1298000.0
2450,810000.0
2451,620000.0
2452,1693000.0
2453,659000.0
2454,1048000.0
2455,787000.0
2456,1889000.0
2457,848000.0
2458,1433000.0
2459,857000.0
2460,977000.0
2461,3152000.0
2462,1357000.0
2463,1002000.0
2464,1039000.0
2465,6534000.0
2466,1031000.0
2467,1966000.0
2468,1477000.0
2469,2065000.0
2470,2334000.0
2471,1013000.0
2472,1383000.0
2473,1171000.0
2474,1132000.0
2475,978000.0
2476,677000.0
2477,598000.0
2478,549000.0
2479,5071000.0
2480,1011000.0
2481,1621000.0
2482,2859000.0
2483,869000.0
2484,561000.0
2485,680000.0
2486,1856000.0
2487,947000.0
2488,2423000.0
2489,923000.0
2490,1947000.0
2491,1238000.0
2492,782000.0
2493,2595000.0
2494,690000.0
2495,1277000.0
2496,1112000.0
2497,2208000.0
2498,2016000.0
2499,2527000.0
2500,978000.0
2501,1043000.0
2502,971000.0
2503,2206000.0
2504,1207000.0
2505,1182000.0
2506,1933000.0
2507,483000.0
2508,713000.0
2509,1240000.0
2510,5158000.0
2511,1626000.0
2512,1373000.0
2513,2660000.0
2514,838000.0
2515,1418000.0
2516,577000.0
2517,591000.0
2518,1025000.0
2519,1519000.0
2520,4314000.0
2521,495000.0
2522,876000.0
2523,1015000.0
2524,622000.0
2525,1997000.0
2526,379000.0
2527,1613000.0
2528,669000.0
2529,679000.0
2530,1387000.0
2531,1023000.0
2532,1111000.0
2533,562000.0
2534,1194000.0
2535,689000.0
2536,1322000.0
2537,1461000.0
2538,579000.0
2539,1114000.0
2540,3547000.0
2541,533000.0
2542,4139000.0
2543,1036000.0
2544,3271000.0
2545,2719000.0
2546,994000.0
2547,953000.0
2548,4168000.0
2549,1065000.0
2550,505000.0
2551,966000.0
2552,593000.0
2553,857000.0
2554,1028000.0
2555,1454000.0
2556,902000.0
2557,907000.0
2558,1549000.0
2559,666000.0
2560,441000.0
2561,2591000.0
2562,2766000.0
2563,2540000.0
2564,7102000.0
2565,857000.0
2566,1595000.0
2567,1225000.0
2568,364000.0
2569,666000.0
2570,1578000.0
2571,931000.0
2572,977000.0
2573,1045000.0
2574,975000.0
2575,2251000.0
2576,285000.0
2577,1679000.0
2578,654000.0
2579,1119000.0
2580,574000.0
2581,1168000.0
2582,1259000.0
2583,1362000.0
2584,1930000.0
2585,533000.0
2586,1186000.0
2587,858000.0
2588,1597000.0
2589,3190000.0
2590,1104000.0
2591,2962000.0
2592,977000.0
2593,931000.0
2594,659000.0
2595,1119000.0
2596,1035000.0
2597,915000.0
2598,800000.0
2599,814000.0
2600,1170000.0
2601,212000.0
2602,529000.0
2603,2212000.0
2604,2182000.0
2605,1532000.0
2606,1141000.0
2607,1074000.0
2608,3038000.0
2609,1403000.0
2610,4154000.0
2611,1178000.0
2612,1683000.0
2613,1919000.0
2614,2341000.0
2615,750000.0
2616,2499000.0
2617,1630000.0
2618,1896000.0
2619,1172000.0
2620,430000.0
2621,1515000.0
2622,3952000.0
2623,607000.0
2624,4899000.0
2625,1605000.0
2626,2817000.0
2627,935000.0
2628,4043000.0
2629,1119000.0
2630,2495000.0
2631,1064000.0
2632,1502000.0
2633,375000.0
2634,2708000.0
2635,887000.0
2636,524000.0
2637,841000.0
2638,855000.0
2639,1414000.0
2640,1342000.0
2641,905000.0
2642,898000.0
2643,2408000.0
2644,693000.0
2645,736000.0
2646,2255000.0
2647,1308000.0
2648,2954000.0
2649,911000.0
2650,2127000.0
2651,6404000.0
2652,1897000.0
2653,533000.0
2654,927000.0
2655,896000.0
2656,2569000.0
2657,3627000.0
2658,1039000.0
2659,1485000.0
2660,255000.0
2661,640000.0
2662,1285000.0
2663,713000.0
2664,1398000.0
2665,1962000.0
2666,1536000.0
2667,1295000.0
2668,3079000.0
2669,1758000.0
2670,898000.0
2671,268000.0
2672,558000.0
2673,1194000.0
2674,964000.0
2675,511000.0
2676,703000.0
2677,2219000.0
2678,704000.0
2679,806000.0
2680,993000.0
2681,2823000.0
2682,861000.0
2683,1436000.0
2684,1497000.0
2685,224000.0
2686,2505000.0
2687,1766000.0
2688,588000.0
2689,630000.0
2690,1221000.0
2691,720000.0
2692,309000.0
2693,1387000.0
2694,1000000.0
2695,1247000.0
2696,704000.0
2697,2914000.0
2698,3049000.0
2699,2591000.0
2700,3578000.0
2701,2411000.0
2702,4703000.0
2703,2105000.0
2704,1096000.0
2705,957000.0
2706,972000.0
2707,1441000.0
2708,1359000.0
2709,415000.0
2710,609000.0
2711,845000.0
2712,4870000.0
2713,5721000.0
2714,448000.0
2715,708000.0
2716,990000.0
2717,2113000.0
2718,1274000.0
2719,1011000.0
2720,1852000.0
2721,666000.0
2722,1171000.0
2723,1559000.0
2724,843000.0
2725,1762000.0
2726,5158000.0
2727,2290000.0
2728,1229000.0
2729,1069000.0
2730,1744000.0
2731,1251000.0
2732,789000.0
2733,2705000.0
2734,2596000.0
2735,1321000.0
2736,1698000.0
2737,1460000.0
2738,2413000.0
2739,1666000.0
2740,1346000.0
2741,2326000.0
2742,741000.0
2743,1317000.0
2744,1294000.0
2745,1256000.0
2746,1309000.0
2747,1548000.0
2748,511000.0
2749,935000.0
2750,1134000.0
2751,638000.0
2752,2621000.0
2753,1462000.0
2754,4381000.0
2755,804000.0
2756,2018000.0
2757,1226000.0
2758,432000.0
2759,1063000.0
2760,2579000.0
2761,2863000.0
2762,2981000.0
2763,2420000.0
2764,1009000.0
2765,2608000.0
2766,932000.0
2767,1897000.0
2768,2776000.0
2769,655000.0
2770,1803000.0
2771,378000.0
2772,787000.0
2773,1496000.0
2774,907000.0
2775,1327000.0
2776,1468000.0
2777,1107000.0
2778,494000.0
2779,1578000.0
2780,978000.0
2781,5021000.0
2782,4049000.0
2783,7054000.0
2784,1643000.0
2785,1310000.0
2786,2025000.0
2787,278000.0
2788,951000.0
2789,1139000.0
2790,2290000.0
2791,915000.0
2792,318000.0
2793,997000.0
2794,663000.0
2795,2271000.0
2796,1594000.0
2797,841000.0
2798,993000.0
2799,937000.0
2800,149000.0
2801,1549000.0
2802,341000.0
2803,2433000.0
2804,2250000.0
2805,1616000.0
2806,2695000.0
2807,254000.0
2808,1258000.0
2809,7247000.0
2810,1375000.0
2811,946000.0
2812,3314000.0
2813,696000.0
2814,996000.0
2815,1104000.0
2816,2743000.0
2817,206000.0
2818,849000.0
2819,1868000.0
2820,571000.0
2821,1175000.0
2822,1140000.0
2823,970000.0
2824,751000.0
2825,1796000.0
2826,2973000.0
2827,1304000.0
2828,585000.0
2829,1339000.0
2830,1744000.0
2831,690000.0
2832,1302000.0
2833,1455000.0
2834,2401000.0
2835,684000.0
2836,3400000.0
2837,150000.0
2838,2088000.0
2839,768000.0
2840,371000.0
2841,1030000.0
2842,1953000.0
2843,1408000.0
2844,1185000.0
2845,2561000.0
2846,1778000.0
2847,974000.0
2848,1180000.0
2849,1030000.0
2850,4049000.0
2851,1162000.0
2852,2273000.0
2853,669000.0
2854,2777000.0
2855,1579000.0
2856,771000.0
2857,4476000.0
2858,2814000.0
2859,1025000.0
2860,1016000.0
2861,3467000.0
2862,2380000.0
2863,1917000.0
2864,2763000.0
2865,258000.0
2866,1928000.0
2867,758000.0
2868,2007000.0
2869,911000.0
2870,1625000.0
2871,913000.0
2872,1276000.0
2873,948000.0
2874,701000.0
2875,2621000.0
2876,2084000.0
2877,811000.0
2878,4542000.0
2879,761000.0
2880,1439000.0
2881,1936000.0
2882,583000.0
2883,1533000.0
2884,1178000.0
2885,772000.0
2886,1655000.0
2887,661000.0
2888,833000.0
2889,590000.0
2890,5186000.0
2891,892000.0
2892,2517000.0
2893,1448000.0
2894,904000.0
2895,936000.0
2896,1306000.0
2897,1215000.0
2898,992000.0
2899,4058000.0
2900,761000.0
2901,1540000.0
2902,885000.0
2903,1040000.0
2904,494000.0
2905,2258000.0
2906,946000.0
2907,623000.0
2908,755000.0
2909,1915000.0
2910,1907000.0
2911,678000.0
2912,2411000.0
2913,1578000.0
2914,1008000.0
2915,970000.0
2916,650000.0
2917,1404000.0
2918,1673000.0
2919,1094000.0
2920,951000.0
2921,1130000.0
2922,1432000.0
2923,894000.0
2924,986000.0
2925,1584000.0
2926,418000.0
2927,936000.0
2928,853000.0
2929,1458000.0
2930,2227000.0
2931,2142000.0
2932,1692000.0
2933,1296000.0
2934,1554000.0
2935,1051000.0
2936,1162000.0
2937,649000.0
2938,3132000.0
2939,1039000.0
2940,1350000.0
2941,2596000.0
2942,1288000.0
2943,1999000.0
2944,741000.0
2945,764000.0
2946,577000.0
2947,3184000.0
2948,635000.0
2949,876000.0
2950,1061000.0
2951,1038000.0
2952,641000.0
2953,1847000.0
2954,1114000.0
2955,782000.0
2956,1731000.0
2957,276000.0
2958,851000.0
2959,1794000.0
2960,804000.0
2961,4274000.0
2962,920000.0
2963,1372000.0
2964,2682000.0
2965,3784000.0
2966,1068000.0
2967,1032000.0
2968,540000.0
2969,1180000.0
2970,166000.0
2971,952000.0
2972,918000.0
2973,545000.0
2974,855000.0
2975,2275000.0
2976,874000.0
2977,577000.0
2978,1594000.0
2979,1534000.0
2980,5210000.0
2981,2023000.0
2982,775000.0
2983,1137000.0
2984,1863000.0
2985,2359000.0
2986,1274000.0
2987,1038000.0
2988,1966000.0
2989,1932000.0
2990,2154000.0
2991,1694000.0
2992,1171000.0
2993,2154000.0
2994,2134000.0
2995,884000.0
2996,4955000.0
2997,1708000.0
2998,564000.0
2999,1716000.0
3000,2722000.0
3001,2145000.0
3002,1296000.0
3003,1232000.0
3004,1384000.0
3005,3590000.0
3006,755000.0
3007,711000.0
3008,870000.0
3009,1210000.0
3010,929000.0
3011,5158000.0
3012,1309000.0
3013,996000.0
3014,1239000.0
3015,1314000.0
3016,1421000.0
3017,686000.0
3018,1148000.0
3019,525000.0
3020,573000.0
3021,2820000.0
3022,1356000.0
3023,1548000.0
3024,5021000.0
3025,973000.0
3026,1739000.0
3027,1214000.0
3028,1020000.0
3029,2065000.0
3030,1879000.0
3031,1954000.0
3032,639000.0
3033,1954000.0
3034,150000.0
3035,1318000.0
3036,3172000.0
3037,1684000.0
3038,597000.0
3039,790000.0
3040,783000.0
3041,4899000.0
3042,1892000.0
3043,963000.0
3044,643000.0
3045,981000.0
3046,718000.0
3047,805000.0
3048,610000.0
3049,2679000.0
3050,4079000.0
3051,628000.0
3052,652000.0
3053,1852000.0
3054,1003000.0
3055,908000.0
3056,1121000.0
3057,1276000.0
3058,989000.0
3059,4316000.0
3060,1170000.0
3061,2049000.0
3062,604000.0
3063,1100000.0
3064,7203000.0
3065,928000.0
3066,703000.0
3067,1614000.0
3068,1562000.0
3069,1552000.0
3070,1532000.0
3071,1331000.0
3072,229000.0
3073,869000.0
3074,775000.0
3075,1431000.0
3076,2284000.0
3077,774000.0
3078,1730000.0
3079,948000.0
3080,889000.0
3081,332000.0
3082,781000.0
3083,576000.0
3084,1416000.0
3085,820000.0
3086,1609000.0
3087,1008000.0
3088,1888000.0
3089,1569000.0
3090,559000.0
3091,1041000.0
3092,915000.0
3093,5942000.0
3094,532000.0
3095,2316000.0
3096,3149000.0
3097,505000.0
3098,974000.0
3099,2300000.0
3100,1350000.0
3101,4765000.0
3102,981000.0
3103,377000.0
3104,1074000.0
3105,2761000.0
3106,798000.0
3107,1189000.0
3108,2359000.0
3109,1174000.0
3110,1898000.0
3111,3400000.0
3112,947000.0
3113,804000.0
3114,769000.0
3115,395000.0
3116,425000.0
3117,647000.0
3118,1347000.0
3119,1064000.0
3120,2142000.0
3121,337000.0
3122,1256000.0
3123,5158000.0
3124,495000.0
3125,3040000.0
3126,1669000.0
3127,861000.0
3128,1387000.0
3129,1479000.0
3130,1055000.0
3131,1329000.0
3132,2540000.0
3133,785000.0
3134,2729000.0
3135,1238000.0
3136,1644000.0
3137,755000.0
3138,1113000.0
3139,2880000.0
3140,1560000.0
3141,865000.0
3142,634000.0
3143,763000.0
3144,525000.0
3145,3425000.0
3146,2639000.0
3147,2498000.0
3148,1645000.0
3149,2589000.0
3150,4456000.0
3151,1066000.0
3152,902000.0
3153,633000.0
3154,754000.0
3155,871000.0
3156,1488000.0
3157,706000.0
3158,5021000.0
3159,787000.0
3160,1203000.0
3161,1198000.0
3162,1557000.0
3163,1519000.0
3164,676000.0
3165,1198000.0
3166,871000.0
3167,352000.0
3168,1578000.0
3169,972000.0
3170,2182000.0
3171,318000.0
3172,2678000.0
3173,1510000.0
3174,970000.0
3175,952000.0
3176,940000.0
3177,2462000.0
3178,1395000.0
3179,828000.0
3180,670000.0
3181,2419000.0
3182,1265000.0
3183,4580000.0
3184,1607000.0
3185,1021000.0
3186,1695000.0
3187,878000.0
3188,2227000.0
3189,583000.0
3190,541000.0
3191,1689000.0
3192,2211000.0
3193,915000.0
3194,561000.0
3195,3637000.0
3196,513000.0
3197,2415000.0
3198,966000.0
3199,516000.0
3200,1064000.0
3201,1100000.0
3202,729000.0
3203,2564000.0
3204,1270000.0
3205,1286000.0
3206,1029000.0
3207,5585000.0
3208,1040000.0
3209,1266000.0
3210,1286000.0
3211,980000.0
3212,588000.0
3213,4226000.0
3214,3748000.0
3215,1384000.0
3216,3349000.0
3217,691000.0
3218,891000.0
3219,941000.0
3220,1601000.0
3221,691000.0
3222,1819000.0
3223,527000.0
3224,3331000.0
3225,1195000.0
3226,931000.0
3227,1172000.0
3228,930000.0
3229,727000.0
3230,1834000.0
3231,2194000.0
3232,1435000.0
3233,2914000.0
3234,490000.0
3235,531000.0
3236,1173000.0
3237,5606000.0
3238,257000.0
3239,1660000.0
3240,4186000.0
3241,904000.0
3242,1300000.0
3243,946000.0
3244,852000.0
3245,1456000.0
3246,574000.0
3247,1724000.0
3248,1733000.0
3249,1758000.0
3250,1171000.0
3251,1269000.0
3252,2123000.0
3253,1972000.0
3254,2352000.0
3255,845000.0
3256,1147000.0
3257,669000.0
3258,1057000.0
3259,3879000.0
3260,2619000.0
3261,3581000.0
3262,1574000.0
3263,1187000.0
3264,2031000.0
3265,1090000.0
3266,846000.0
3267,673000.0
3268,1279000.0
3269,970000.0
3270,1407000.0
3271,629000.0
3272,998000.0
3273,302000.0
3274,555000.0
3275,2292000.0
3276,1965000.0
3277,3349000.0
3278,1122000.0
3279,914000.0
3280,2155000.0
3281,3349000.0
3282,398000.0
3283,1517000.0
3284,575000.0
3285,1040000.0
3286,1499000.0
3287,941000.0
3288,921000.0
3289,925000.0
3290,1384000.0
3291,721000.0
3292,1217000.0
3293,4042000.0
3294,629000.0
3295,1076000.0
3296,1401000.0
3297,1277000.0
3298,2145000.0
3299,1287000.0
3300,1027000.0
3301,943000.0
3302,520000.0
3303,178000.0
3304,436000.0
3305,790000.0
3306,1149000.0
3307,1200000.0
3308,513000.0
3309,1048000.0
3310,3054000.0
3311,627000.0
3312,1000000.0
3313,925000.0
3314,744000.0
3315,2616000.0
3316,2055000.0
3317,633000.0
3318,884000.0
3319,970000.0
3320,470000.0
3321,1006000.0
3322,2272000.0
3323,269000.0
3324,761000.0
3325,4044000.0
3326,455000.0
3327,2557000.0
3328,2722000.0
3329,1713000.0
3330,2093000.0
3331,1655000.0
3332,931000.0
3333,823000.0
3334,3862000.0
3335,926000.0
3336,1272000.0
3337,1595000.0
3338,2190000.0
3339,992000.0
3340,6957000.0
3341,953000.0
3342,5527000.0
3343,2229000.0
3344,2996000.0
3345,2336000.0
3346,963000.0
3347,695000.0
3348,385000.0
3349,979000.0
3350,2252000.0
3351,874000.0
3352,1836000.0
3353,471000.0
3354,225000.0
3355,1112000.0
3356,944000.0
3357,781000.0
3358,4432000.0
3359,2353000.0
3360,893000.0
3361,538000.0
3362,255000.0
3363,2497000.0
3364,1547000.0
3365,1982000.0
3366,589000.0
3367,767000.0
3368,1276000.0
3369,847000.0
3370,1277000.0
3371,2042000.0
3372,915000.0
3373,979000.0
3374,889000.0
3375,698000.0
3376,1094000.0
3377,1807000.0
3378,162000.0
3379,768000.0
3380,3541000.0
3381,5875000.0
3382,332000.0
3383,800000.0
3384,612000.0
3385,3167000.0
3386,1753000.0
3387,1300000.0
3388,4307000.0
3389,1450000.0
3390,1406000.0
3391,1469000.0
3392,2475000.0
3393,2235000.0
3394,1358000.0
3395,2282000.0
3396,3217000.0
3397,1788000.0
3398,1041000.0
3399,2287000.0
3400,1929000.0
3401,1696000.0
3402,548000.0
3403,1246000.0
3404,2677000.0
3405,4899000.0
3406,725000.0
3407,2402000.0
3408,876000.0
3409,1076000.0
3410,1070000.0
3411,123000.0
3412,989000.0
3413,1254000.0
3414,1095000.0
3415,588000.0
3416,434000.0
3417,2672000.0
3418,2496000.0
3419,2156000.0
3420,2099000.0
3421,2188000.0
3422,2376000.0
3423,659000.0
3424,1020000.0
3425,4411000.0
3426,476000.0
3427,1265000.0
3428,1208000.0
3429,530000.0
3430,3209000.0
3431,556000.0
3432,931000.0
3433,1069000.0
3434,646000.0
3435,624000.0
3436,1942000.0
3437,1316000.0
3438,962000.0
3439,222000.0
3440,403000.0
3441,904000.0
3442,3349000.0
3443,616000.0
3444,1040000.0
3445,868000.0
3446,2540000.0
3447,1787000.0
3448,1069000.0
3449,906000.0
3450,986000.0
3451,524000.0
3452,929000.0
3453,4068000.0
3454,961000.0
3455,621000.0
3456,878000.0
3457,1033000.0
3458,533000.0
3459,976000.0
3460,1333000.0
3461,739000.0
3462,554000.0
3463,642000.0
3464,2235000.0
3465,1200000.0
3466,1396000.0
3467,823000.0
3468,2442000.0
3469,790000.0
3470,1451000.0
3471,4430000.0
3472,580000.0
3473,2221000.0
3474,943000.0
3475,840000.0
3476,2264000.0
3477,1130000.0
3478,1533000.0
3479,557000.0
3480,2183000.0
3481,384000.0
3482,1319000.0
3483,948000.0
3484,1709000.0
3485,1117000.0
3486,566000.0
3487,5020000.0
3488,929000.0
3489,2173000.0
3490,2333000.0
3491,1361000.0
3492,1559000.0
3493,2372000.0
3494,1624000.0
3495,1242000.0
3496,1197000.0
3497,1054000.0
3498,645000.0
3499,431000.0
3500,712000.0
3501,3378000.0
3502,493000.0
3503,927000.0
3504,730000.0
3505,1108000.0
3506,585000.0
3507,1673000.0
3508,795000.0
3509,607000.0
3510,1074000.0
3511,750000.0
3512,858000.0
3513,762000.0
3514,394000.0
3515,930000.0
3516,1339000.0
3517,974000.0
3518,722000.0
3519,674000.0
3520,649000.0
3521,676000.0
3522,456000.0
3523,1102000.0
3524,2709000.0
3525,960000.0
3526,1108000.0
3527,912000.0
3528,839000.0
3529,482000.0
3530,2571000.0
3531,2296000.0
3532,993000.0
3533,2616000.0
3534,3339000.0
3535,1989000.0
3536,5601000.0
3537,1025000.0
3538,1590000.0
3539,1446000.0
3540,375000.0
3541,3773000.0
3542,363000.0
3543,469000.0
3544,1871000.0
3545,164000.0
3546,918000.0
3547,2646000.0
3548,1701000.0
3549,1359000.0
3550,989000.0
3551,408000.0
3552,851000.0
3553,993000.0
3554,3487000.0
3555,695000.0
3556,1507000.0
3557,2362000.0
3558,1024000.0
3559,1553000.0
3560,889000.0
3561,1235000.0
3562,1059000.0
3563,650000.0
3564,965000.0
3565,897000.0
3566,1020000.0
3567,3281000.0
3568,1569000.0
3569,1071000.0
3570,1265000.0
3571,1111000.0
3572,2473000.0
3573,567000.0
3574,1014000.0
3575,445000.0
3576,7833000.0
3577,1315000.0
3578,1825000.0
3579,1160000.0
3580,3804000.0
3581,540000.0
3582,879000.0
3583,726000.0
3584,3712000.0
3585,355000.0
3586,1095000.0
3587,3810000.0
3588,939000.0
3589,1276000.0
3590,2323000.0
3591,906000.0
3592,629000.0
3593,1780000.0
3594,3973000.0
3595,6085000.0
3596,1907000.0
3597,1959000.0
3598,479000.0
3599,2083000.0
3600,781000.0
3601,1304000.0
3602,2230000.0
3603,2436000.0
3604,932000.0
3605,912000.0
3606,3714000.0
3607,791000.0
3608,1053000.0
3609,801000.0
3610,1963000.0
3611,1016000.0
3612,1133000.0
3613,1425000.0
3614,1750000.0
3615,2531000.0
3616,495000.0
3617,1611000.0
3618,951000.0
3619,711000.0
3620,1533000.0
3621,1016000.0
3622,1003000.0
3623,453000.0
3624,4830000.0
3625,980000.0
3626,6039000.0
3627,3459000.0
3628,1830000.0
3629,892000.0
3630,1096000.0
3631,3743000.0
3632,6924000.0
3633,1392000.0
3634,696000.0
3635,3159000.0
3636,2456000.0
3637,1065000.0
3638,4310000.0
3639,120000.0
3640,555000.0
3641,876000.0
3642,639000.0
3643,1126000.0
3644,694000.0
3645,899000.0
3646,1521000.0
3647,2874000.0
3648,465000.0
3649,906000.0
3650,3381000.0
3651,548000.0
3652,5646000.0
3653,515000.0
3654,715000.0
3655,1385000.0
3656,2578000.0
3657,1003000.0
3658,911000.0
3659,981000.0
3660,6085000.0
3661,2356000.0
3662,1335000.0
3663,629000.0
3664,1075000.0
3665,1908000.0
3666,1707000.0
3667,962000.0
3668,2702000.0
3669,1362000.0
3670,718000.0
3671,1356000.0
3672,1071000.0
3673,1720000.0
3674,1790000.0
3675,1255000.0
3676,2829000.0
3677,3311000.0
3678,3760000.0
3679,2194000.0
3680,482000.0
3681,799000.0
3682,989000.0
3683,609000.0
3684,707000.0
3685,2080000.0
3686,1224000.0
3687,681000.0
3688,2532000.0
3689,1591000.0
3690,1747000.0
3691,1136000.0
3692,1111000.0
3693,498000.0
3694,457000.0
3695,1553000.0
3696,785000.0
3697,1497000.0
3698,1668000.0
3699,1743000.0
3700,861000.0
3701,1598000.0
3702,1316000.0
3703,1316000.0
3704,1816000.0
3705,1910000.0
3706,767000.0
3707,540000.0
3708,732000.0
3709,1234000.0
3710,454000.0
3711,1237000.0
3712,667000.0
3713,195000.0
3714,666000.0
3715,938000.0
3716,678000.0
3717,1282000.0
3718,328000.0
3719,242000.0
3720,1055000.0
3721,2449000.0
3722,433000.0
3723,842000.0
3724,429000.0
3725,1078000.0
3726,1322000.0
3727,1598000.0
3728,1500000.0
3729,806000.0
3730,2734000.0
3731,997000.0
3732,6288000.0
3733,958000.0
3734,589000.0
3735,496000.0
3736,1185000.0
3737,5797000.0
3738,676000.0
3739,867000.0
3740,858000.0
3741,4443000.0
3742,458000.0
3743,808000.0
3744,959000.0
3745,585000.0
3746,2448000.0
3747,887000.0
3748,1643000.0
3749,704000.0
3750,711000.0
3751,1081000.0
3752,1166000.0
3753,789000.0
3754,1541000.0
3755,715000.0
3756,958000.0
3757,7627000.0
3758,839000.0
3759,1068000.0
3760,1338000.0
3761,958000.0
3762,1353000.0
3763,1615000.0
3764,1155000.0
3765,1040000.0
3766,1644000.0
3767,560000.0
3768,1770000.0
3769,1399000.0
3770,1972000.0
3771,1040000.0
3772,1146000.0
3773,842000.0
3774,881000.0
3775,4812000.0
3776,1031000.0
3777,2373000.0
3778,1058000.0
3779,2892000.0
3780,2060000.0
3781,1284000.0
3782,1493000.0
3783,1579000.0
3784,1494000.0
3785,746000.0
3786,844000.0
3787,590000.0
3788,2444000.0
3789,149000.0
3790,617000.0
3791,1243000.0
3792,1633000.0
3793,1026000.0
3794,3116000.0
3795,1123000.0
3796,4045000.0
3797,755000.0
3798,832000.0
3799,993000.0
3800,2581000.0
3801,411000.0
3802,928000.0
3803,1083000.0
3804,6686000.0
3805,747000.0
3806,830000.0
3807,2836000.0
3808,554000.0
3809,1203000.0
3810,1180000.0
3811,758000.0
3812,759000.0
3813,2949000.0
3814,2238000.0
3815,1085000.0
3816,231000.0
3817,1834000.0
3818,1511000.0
3819,1734000.0
3820,871000.0
3821,1195000.0
3822,430000.0
3823,930000.0
3824,1477000.0
3825,1579000.0
3826,4040000.0
3827,703000.0
3828,7060000.0
3829,2215000.0
3830,1819000.0
3831,1164000.0
3832,1027000.0
3833,1971000.0
3834,588000.0
3835,969000.0
3836,1254000.0
